video,ground_truth,final_prediction,confidence_mean,actor
01-01-02-01-02-02-03.mp4,calm,neutral,75.42275063196819,3
01-01-04-01-01-02-20.mp4,sad,neutral,77.1712292262486,20
01-01-05-01-01-02-16.mp4,angry,neutral,69.23671245574951,16
01-01-07-02-01-02-19.mp4,disgust,happy,68.41375422477722,19
01-01-08-01-01-02-13.mp4,surprised,neutral,72.03501470465409,13
01-01-06-02-02-01-05.mp4,fearful,surprised,75.38650588989258,5
01-01-02-02-01-01-09.mp4,calm,neutral,77.20554885864257,9
