ground_truth,total,acertos,confianca_media,erros,accuracy
angry,1,0,69.23671245574951,1,0.0
calm,2,0,76.31414974530537,2,0.0
disgust,1,0,68.41375422477722,1,0.0
fearful,2,1,76.45189456939697,1,0.5
happy,1,1,78.57737205142067,0,1.0
neutral,1,1,86.7202733910602,0,1.0
sad,1,0,77.1712292262486,1,0.0
surprised,1,0,72.03501470465409,1,0.0
